,Year,Name,Total Income,From federal,From state,From local,Total Spending,Operation Expense,Improvement Expense,Other Expenses,Outstanding Debt,Cash and Securities
1,2018,Alabama,8068664.0,844445.0,4430889.0,2793330.0,8155523.0,7327918.0,650947.0,176658.0,6067545.0,2561532.0
2,2018,Alaska,2526833.0,398105.0,1579468.0,549260.0,2539488.0,2362970.0,134123.0,42395.0,1220000.0,0.0
3,2018,Arizona,8861160.0,1170223.0,3579887.0,4111050.0,8683676.0,7735586.0,747678.0,200412.0,5700807.0,3215838.0
4,2018,Arkansas,5562234.0,588862.0,4228638.0,744734.0,5625843.0,4899604.0,575721.0,150518.0,4828098.0,2152220.0
5,2018,California,89843126.0,7986209.0,49395234.0,32461683.0,88850313.0,76818689.0,9047943.0,2983681.0,78234347.0,49816991.0
6,2018,Colorado,11004365.0,693949.0,4538698.0,5771718.0,11561312.0,9168278.0,1831764.0,561270.0,9196802.0,6243168.0
7,2018,Connecticut,11351962.0,474723.0,4317154.0,6560085.0,11127899.0,10509454.0,505502.0,112943.0,3187910.0,108773.0
8,2018,Delaware,2181352.0,140605.0,1383199.0,657548.0,2098148.0,1954576.0,125172.0,18400.0,607471.0,135836.0
9,2018,District of Columbia,1507836.0,136050.0,0.0,1371786.0,1547292.0,1175381.0,371911.0,0.0,0.0,0.0
10,2018,Florida,30134706.0,3349018.0,11812839.0,14972849.0,29838546.0,26855594.0,2329901.0,653051.0,14280016.0,9982627.0
11,2018,Georgia,21325684.0,1805691.0,9764721.0,9755272.0,20988208.0,18783387.0,1986647.0,218174.0,4933955.0,7061974.0
12,2018,Hawaii,3272180.0,270487.0,2940903.0,60790.0,3070859.0,2773688.0,297171.0,0.0,0.0,0.0
13,2018,Idaho,2538305.0,244629.0,1661972.0,631704.0,2410373.0,2200780.0,150634.0,58959.0,1576903.0,1121234.0
14,2018,Illinois,37075911.0,2306399.0,15579350.0,19190162.0,35061907.0,31796646.0,2211232.0,1054029.0,22180910.0,18664719.0
15,2018,Indiana,12901060.0,965800.0,8098355.0,3836905.0,11885481.0,10365628.0,1296122.0,223731.0,10102209.0,4508199.0
16,2018,Iowa,7049967.0,490193.0,3753106.0,2806668.0,6958710.0,6039833.0,803516.0,115361.0,3894022.0,3430909.0
17,2018,Kansas,6660158.0,525541.0,4342795.0,1791822.0,6907549.0,5797384.0,863466.0,246699.0,6220408.0,3356463.0
18,2018,Kentucky,8473687.0,913827.0,4751550.0,2808310.0,8580357.0,7628569.0,747227.0,204561.0,6107503.0,2215602.0
19,2018,Louisiana,8460896.0,1013185.0,3469436.0,3978275.0,8079072.0,7399923.0,572581.0,106568.0,3289491.0,3656292.0
20,2018,Maine,2889114.0,187280.0,1110862.0,1590972.0,2876876.0,2645498.0,187791.0,43587.0,1030369.0,377527.0
21,2018,Maryland,15882022.0,849934.0,6663006.0,8369082.0,14920717.0,13214457.0,1577408.0,128852.0,4954876.0,0.0
22,2018,Massachusetts,18642623.0,820160.0,7087450.0,10735013.0,17889583.0,16732275.0,935877.0,221431.0,5072803.0,426600.0
23,2018,Michigan,19538668.0,1566524.0,11405431.0,6566713.0,18974187.0,16655891.0,1560267.0,758029.0,17892513.0,5483770.0
24,2018,Minnesota,12798788.0,658908.0,8339142.0,3800738.0,13891972.0,11215052.0,2198955.0,477965.0,12481734.0,6751898.0
25,2018,Mississippi,4767500.0,656763.0,2404091.0,1706646.0,4650315.0,4274739.0,318987.0,56589.0,1689245.0,2011483.0
26,2018,Missouri,11452393.0,908639.0,4776410.0,5767344.0,10990958.0,9876583.0,831891.0,282484.0,7775863.0,6010787.0
27,2018,Montana,1920052.0,240192.0,828070.0,851790.0,2048275.0,1721701.0,285146.0,41428.0,1354835.0,1327959.0
28,2018,Nebraska,4572168.0,329073.0,1501167.0,2741928.0,4789709.0,4146497.0,536754.0,106458.0,3109634.0,2183246.0
29,2018,Nevada,4913549.0,420117.0,3115047.0,1378385.0,4958796.0,4180751.0,616124.0,161921.0,3596927.0,1682329.0
30,2018,New Hampshire,3194790.0,168406.0,1000256.0,2026128.0,3125315.0,2915356.0,165101.0,44858.0,1045254.0,363861.0
31,2018,New Jersey,30366445.0,1238141.0,12626379.0,16501925.0,29818224.0,28260016.0,1252916.0,305292.0,6769044.0,4562596.0
32,2018,New Mexico,3789354.0,507742.0,2557855.0,723757.0,3636084.0,3049739.0,514830.0,71515.0,2314638.0,1594483.0
33,2018,New York,72904668.0,3100074.0,28895081.0,40909513.0,73389825.0,66194023.0,5704874.0,1490928.0,30244420.0,11872339.0
34,2018,North Carolina,14406327.0,1561265.0,8862657.0,3982405.0,15155619.0,13683121.0,1244179.0,228319.0,7949768.0,0.0
35,2018,North Dakota,1820205.0,171381.0,1016087.0,632737.0,1841875.0,1551404.0,251741.0,38730.0,826803.0,669808.0
36,2018,Ohio,24321777.0,1608526.0,9766899.0,12946352.0,24805833.0,21918361.0,1991055.0,896417.0,13451812.0,13890022.0
37,2018,Oklahoma,6357960.0,667739.0,2930120.0,2760101.0,6267258.0,5512670.0,709753.0,44835.0,2316113.0,2808647.0
38,2018,Oregon,8442683.0,596827.0,4483318.0,3362538.0,8661035.0,7174911.0,1060712.0,425412.0,9026213.0,5112930.0
39,2018,Pennsylvania,32082522.0,2066508.0,12286989.0,17729025.0,31531702.0,28544883.0,1926998.0,1059821.0,24625275.0,11117324.0
40,2018,Rhode Island,2485152.0,168374.0,1015433.0,1301345.0,2504430.0,2340703.0,125614.0,38113.0,935862.0,13942.0
41,2018,South Carolina,10079026.0,854362.0,4797268.0,4427396.0,10041891.0,8265268.0,1395851.0,380772.0,9071271.0,3789079.0
42,2018,South Dakota,1644689.0,223431.0,564898.0,856360.0,1655222.0,1407349.0,214383.0,33490.0,993988.0,1036388.0
43,2018,Tennessee,10557375.0,1164601.0,4901933.0,4490841.0,10811478.0,9639660.0,937670.0,234148.0,6051350.0,79283.0
44,2018,Texas,61924578.0,6308105.0,20893487.0,34722986.0,65202332.0,49423693.0,10150625.0,5628014.0,88285685.0,37706135.0
45,2018,Utah,5426832.0,415382.0,2840781.0,2170669.0,5556089.0,4590104.0,830782.0,135203.0,3319073.0,2857692.0
46,2018,Vermont,1868029.0,113289.0,1695795.0,58945.0,1849556.0,1772784.0,65936.0,10836.0,234190.0,121031.0
47,2018,Virginia,17004937.0,1101357.0,6795009.0,9108571.0,17367249.0,15853160.0,1198547.0,315542.0,8445218.0,0.0
48,2018,Washington,17005288.0,1052971.0,10902733.0,5049584.0,18042261.0,14452717.0,3020053.0,569491.0,13996755.0,7985855.0
49,2018,West Virginia,3442780.0,365828.0,1899420.0,1177532.0,3345140.0,3128330.0,201983.0,14827.0,302605.0,821438.0
50,2018,Wisconsin,11892213.0,796564.0,6457142.0,4638507.0,12465177.0,10635641.0,1513970.0,315566.0,6558227.0,3922918.0
51,2018,Wyoming,1820076.0,115792.0,1035234.0,669050.0,1727633.0,1524442.0,201000.0,2191.0,56405.0,698073.0
52,2018,       (X) Not applicable,,,,,,,,,,
53,2018,       1Duplicative interschool system transactions are excluded,,,,,,,,,,
54,2018,"           2Includes payments to state and local governments, and interest on school system indebtedness",,,,,,,,,,
55,2018,  Note: This information represents financial data for public independent and dependent school systems,,,,,,,,,,
56,2018,       SOURCE: : 2018 Annual Survey of School System Finances,,,,,,,,,,
1,2017,Alabama,7909958.0,811407.0,4350594.0,2747957.0,8021065.0,7208823.0,636268.0,175974.0,5859650.0,2546362.0
2,2017,Alaska,2504464.0,350204.0,1600503.0,553757.0,2587060.0,2375700.0,169578.0,41782.0,1319426.0,0.0
3,2017,Arizona,8601449.0,1178196.0,3446191.0,3977062.0,8386627.0,7631469.0,573572.0,181586.0,5315486.0,2959640.0
4,2017,Arkansas,5462279.0,597260.0,4137903.0,727116.0,5460822.0,4806717.0,519022.0,135083.0,4498960.0,1906674.0
5,2017,California,89109048.0,7889546.0,51046506.0,30172996.0,86824077.0,76532039.0,7396047.0,2895991.0,74371849.0,48879412.0
6,2017,Colorado,10383949.0,697569.0,4479341.0,5207039.0,10418460.0,8774348.0,1170166.0,473946.0,9148449.0,6399519.0
7,2017,Connecticut,11074485.0,474647.0,4209626.0,6390212.0,10487033.0,9924891.0,452970.0,109172.0,2918640.0,100276.0
8,2017,Delaware,2206856.0,138436.0,1306037.0,762383.0,2071076.0,1920661.0,131456.0,18959.0,592813.0,79424.0
9,2017,District of Columbia,1520849.0,167840.0,0.0,1353009.0,1562841.0,1146951.0,415890.0,0.0,0.0,0.0
10,2017,Florida,28996448.0,3202127.0,11346682.0,14447639.0,28900189.0,25995086.0,2292635.0,612468.0,14872758.0,10263996.0
11,2017,Georgia,20373536.0,1846441.0,9212433.0,9314662.0,20123166.0,17952298.0,1948645.0,222223.0,4848419.0,6862684.0
12,2017,Hawaii,2844167.0,252145.0,2534177.0,57845.0,2778689.0,2617034.0,161655.0,0.0,0.0,0.0
13,2017,Idaho,2396039.0,235740.0,1557977.0,602322.0,2260290.0,2093391.0,111196.0,55703.0,1476462.0,978131.0
14,2017,Illinois,35270459.0,2309037.0,14471043.0,18490379.0,34249528.0,31365804.0,1885789.0,997935.0,22347136.0,17031000.0
15,2017,Indiana,12684323.0,932489.0,7939731.0,3812103.0,11608121.0,10163795.0,1049130.0,395196.0,10094047.0,4569866.0
16,2017,Iowa,6898375.0,478167.0,3732337.0,2687871.0,6800383.0,5875377.0,806871.0,118135.0,3774209.0,3213562.0
17,2017,Kansas,6280387.0,537064.0,4016495.0,1726828.0,6519665.0,5423604.0,856037.0,240024.0,6159140.0,3294293.0
18,2017,Kentucky,7917769.0,911061.0,4330473.0,2676235.0,7949741.0,6985615.0,745501.0,218625.0,5990653.0,2142018.0
19,2017,Louisiana,8406687.0,1045678.0,3484308.0,3876701.0,8142662.0,7363859.0,673527.0,105276.0,4153858.0,3624538.0
20,2017,Maine,2768378.0,184381.0,1061490.0,1522507.0,2740218.0,2547272.0,149509.0,43437.0,946632.0,291076.0
21,2017,Maryland,14913187.0,851865.0,6499820.0,7561502.0,14422619.0,13179449.0,1237376.0,5794.0,167415.0,0.0
22,2017,Massachusetts,18036288.0,862648.0,6984320.0,10189320.0,17375400.0,16102970.0,1055329.0,217101.0,4945450.0,323042.0
23,2017,Michigan,18756551.0,1521781.0,10997430.0,6237340.0,18089189.0,16086122.0,1326214.0,676853.0,16506134.0,9742277.0
24,2017,Minnesota,12439701.0,653076.0,8077366.0,3709259.0,13473534.0,10863304.0,2141306.0,468924.0,11390500.0,6231523.0
25,2017,Mississippi,4750751.0,671484.0,2413145.0,1666122.0,4675220.0,4242441.0,378671.0,54108.0,1687642.0,1910642.0
26,2017,Missouri,11086375.0,925895.0,4676130.0,5484350.0,10709243.0,9633747.0,799486.0,276010.0,7139437.0,5130738.0
27,2017,Montana,1820789.0,220212.0,853269.0,747308.0,1890434.0,1680532.0,182269.0,27633.0,990116.0,1046981.0
28,2017,Nebraska,4431533.0,341328.0,1450757.0,2639448.0,4799659.0,4012825.0,688865.0,97969.0,3069419.0,2203068.0
29,2017,Nevada,4670479.0,426468.0,2952685.0,1291326.0,4774861.0,4153068.0,462655.0,159138.0,3273574.0,1277333.0
30,2017,New Hampshire,3124636.0,168674.0,1004048.0,1951914.0,3017400.0,2827659.0,144110.0,45631.0,859244.0,276610.0
31,2017,New Jersey,29394902.0,1205301.0,12037723.0,16151878.0,29111759.0,27453670.0,1348034.0,310055.0,6795068.0,4300332.0
32,2017,New Mexico,3790083.0,540695.0,2521256.0,728132.0,3778333.0,3159188.0,549663.0,69482.0,2219407.0,1584602.0
33,2017,New York,70031703.0,3682960.0,28600336.0,37748407.0,70375945.0,63617106.0,5282442.0,1476397.0,29458477.0,11685975.0
34,2017,North Carolina,13975840.0,1562965.0,8596449.0,3816426.0,14855814.0,13288208.0,1267307.0,300299.0,7531368.0,0.0
35,2017,North Dakota,1773481.0,163451.0,1028331.0,581699.0,1846156.0,1520630.0,286528.0,38998.0,823642.0,641425.0
36,2017,Ohio,23573180.0,1678166.0,9505364.0,12389650.0,24225029.0,21406018.0,1926440.0,892571.0,12885186.0,12388240.0
37,2017,Oklahoma,6165537.0,686087.0,2870552.0,2608898.0,6031780.0,5355029.0,632605.0,44146.0,2236546.0,2391000.0
38,2017,Oregon,7654699.0,558120.0,4018895.0,3077684.0,7935416.0,6754563.0,827255.0,353598.0,8089054.0,3997411.0
39,2017,Pennsylvania,31179409.0,2002866.0,12058241.0,17118302.0,30953734.0,27505426.0,1868091.0,1580217.0,24292550.0,10427610.0
40,2017,Rhode Island,2443850.0,177415.0,990856.0,1275579.0,2477872.0,2309517.0,128931.0,39424.0,888068.0,20355.0
41,2017,South Carolina,9726983.0,854322.0,4624270.0,4248391.0,9634412.0,8051222.0,1247060.0,336130.0,8522038.0,3384146.0
42,2017,South Dakota,1568440.0,200076.0,534504.0,833860.0,1558530.0,1373388.0,152017.0,33125.0,999042.0,884292.0
43,2017,Tennessee,10149683.0,1158220.0,4625071.0,4366392.0,10373152.0,9272342.0,874951.0,225859.0,5784646.0,103911.0
44,2017,Texas,58891226.0,5966469.0,20994710.0,31930047.0,62985548.0,48025492.0,9830291.0,5129765.0,83578421.0,34785715.0
45,2017,Utah,5160802.0,423415.0,2674551.0,2062836.0,5229713.0,4278679.0,829962.0,121072.0,3039518.0,2500924.0
46,2017,Vermont,1804614.0,110164.0,1629689.0,64761.0,1758510.0,1693452.0,55639.0,9419.0,286592.0,137246.0
47,2017,Virginia,16529157.0,1131679.0,6565670.0,8831808.0,17013933.0,15374017.0,1328798.0,311118.0,8800855.0,0.0
48,2017,Washington,15646461.0,1068053.0,9822674.0,4755734.0,16078806.0,13246775.0,2339400.0,492631.0,12442367.0,7196761.0
49,2017,West Virginia,3476338.0,403856.0,1872045.0,1200437.0,3412733.0,3198548.0,200203.0,13982.0,348880.0,694048.0
50,2017,Wisconsin,11686068.0,802599.0,6197033.0,4686436.0,11612679.0,10390160.0,930859.0,291660.0,6062327.0,3844036.0
51,2017,Wyoming,1930057.0,117807.0,1141557.0,670693.0,1911464.0,1558159.0,350995.0,2310.0,57963.0,624835.0
52,2017,       (X) Not applicable,,,,,,,,,,
53,2017,       1Duplicative interschool system transactions are excluded,,,,,,,,,,
54,2017,"           2Includes payments to state and local governments, and interest on school system indebtedness",,,,,,,,,,
55,2017,  Note: This information represents financial data for public independent and dependent school systems,,,,,,,,,,
56,2017,       SOURCE: 2017 Census of Governments: Finance - Survey of School System Finances,,,,,,,,,,
1,2016,Alabama,7605596.0,803907.0,4148764.0,2652925.0,7854516.0,6998941.0,667386.0,188189.0,5872905.0,2401927.0
2,2016,Alaska,2494680.0,307320.0,1613675.0,573685.0,2623014.0,2327151.0,255041.0,40822.0,1372527.0,0.0
3,2016,Arizona,8430089.0,1160908.0,3440726.0,3828455.0,7984562.0,7276067.0,528694.0,179801.0,5041714.0,2749878.0
4,2016,Arkansas,5384115.0,593656.0,4122377.0,668082.0,5407470.0,4750938.0,518181.0,138351.0,4263573.0,1709251.0
5,2016,California,86557167.0,7709079.0,50904567.0,27943521.0,82146317.0,72641244.0,6786142.0,2718931.0,63322293.0,42455463.0
6,2016,Colorado,10063463.0,713914.0,4365019.0,4984530.0,9831883.0,8519780.0,880204.0,431899.0,7158935.0,4578810.0
7,2016,Connecticut,11170433.0,468595.0,4411204.0,6290634.0,10529735.0,9798789.0,620905.0,110041.0,2481867.0,134484.0
8,2016,Delaware,2000430.0,134412.0,1172219.0,693799.0,1970124.0,1845143.0,104579.0,20402.0,623601.0,71346.0
9,2016,District of Columbia,1329719.0,154922.0,0.0,1174797.0,1374562.0,1059279.0,315283.0,0.0,0.0,0.0
10,2016,Florida,28119997.0,3147329.0,10963807.0,14008861.0,27945116.0,25339845.0,1983363.0,621908.0,14654281.0,8605457.0
11,2016,Georgia,19399889.0,1807371.0,8771192.0,8821326.0,19143458.0,17118329.0,1834767.0,190362.0,4307801.0,6499232.0
12,2016,Hawaii,3030519.0,261131.0,2710361.0,59027.0,2733094.0,2516444.0,216650.0,0.0,0.0,0.0
13,2016,Idaho,2265813.0,240322.0,1454830.0,570661.0,2100980.0,1971800.0,74932.0,54248.0,1360766.0,806066.0
14,2016,Illinois,32167833.0,2331724.0,12053316.0,17782793.0,32148981.0,29223830.0,2015647.0,909504.0,20860542.0,15520587.0
15,2016,Indiana,12511006.0,954837.0,7780711.0,3775458.0,11314646.0,9959771.0,986746.0,368129.0,10323571.0,4319994.0
16,2016,Iowa,6644950.0,464852.0,3583134.0,2596964.0,6710694.0,5694316.0,889597.0,126781.0,3771141.0,3101861.0
17,2016,Kansas,6067808.0,453922.0,3949517.0,1664369.0,6129735.0,4941714.0,964098.0,223923.0,5569091.0,2706640.0
18,2016,Kentucky,7744812.0,880296.0,4269100.0,2595416.0,7784548.0,6834081.0,736079.0,214388.0,5865334.0,2015272.0
19,2016,Louisiana,8386531.0,1021465.0,3480353.0,3884713.0,7985236.0,7305990.0,577609.0,101637.0,4033461.0,3543256.0
20,2016,Maine,2768776.0,185803.0,1074641.0,1508332.0,2631161.0,2491632.0,95951.0,43578.0,905703.0,295786.0
21,2016,Maryland,14405532.0,823599.0,6334951.0,7246982.0,13748028.0,12516025.0,1055665.0,176338.0,326118.0,0.0
22,2016,Massachusetts,17339360.0,765043.0,6770086.0,9804231.0,16621143.0,15466496.0,945525.0,209122.0,5369175.0,299393.0
23,2016,Michigan,18450582.0,1552824.0,10727785.0,6169973.0,17703640.0,15860412.0,1062838.0,780390.0,18153482.0,9246979.0
24,2016,Minnesota,12036272.0,634332.0,7887346.0,3514594.0,12646007.0,10520027.0,1709930.0,416050.0,13050113.0,6548613.0
25,2016,Mississippi,4743998.0,690724.0,2411621.0,1641653.0,4631356.0,4246156.0,335067.0,50133.0,1625491.0,1724760.0
26,2016,Missouri,10806710.0,924655.0,4568867.0,5313188.0,10615933.0,9417531.0,890008.0,308394.0,7135253.0,4919439.0
27,2016,Montana,1778177.0,220340.0,840804.0,717033.0,1858780.0,1657624.0,179414.0,21742.0,831606.0,968795.0
28,2016,Nebraska,4319834.0,346826.0,1437048.0,2535960.0,4619793.0,3882657.0,641968.0,95168.0,2759751.0,2072098.0
29,2016,Nevada,4481097.0,401323.0,2816911.0,1262863.0,4368152.0,3978436.0,224494.0,165222.0,3366349.0,1198393.0
30,2016,New Hampshire,3050303.0,169166.0,1004753.0,1876384.0,2958069.0,2778905.0,137180.0,41984.0,888344.0,257190.0
31,2016,New Jersey,29014774.0,1183917.0,11676977.0,16153880.0,28488858.0,26756822.0,1414861.0,317175.0,7014423.0,4218645.0
32,2016,New Mexico,3765069.0,506995.0,2591444.0,666630.0,3723997.0,3102120.0,551143.0,70734.0,2170660.0,1504660.0
33,2016,New York,66664079.0,3369803.0,27437593.0,35856683.0,67977836.0,61447337.0,4656189.0,1874310.0,29738046.0,10793729.0
34,2016,North Carolina,13448045.0,1557900.0,8287126.0,3603019.0,14141312.0,12917195.0,912783.0,311334.0,7507374.0,0.0
35,2016,North Dakota,1749290.0,155453.0,985365.0,608472.0,1904151.0,1460308.0,412047.0,31796.0,734364.0,627008.0
36,2016,Ohio,22886040.0,1680983.0,9277802.0,11927255.0,23201744.0,20561122.0,1854842.0,785780.0,12504704.0,11039011.0
37,2016,Oklahoma,6102050.0,689756.0,2909651.0,2502643.0,6169069.0,5474468.0,641979.0,52622.0,2178802.0,1986537.0
38,2016,Oregon,7371975.0,582560.0,3861438.0,2927977.0,7486287.0,6457713.0,686104.0,342470.0,6900910.0,2709499.0
39,2016,Pennsylvania,29653724.0,1904293.0,11189690.0,16559741.0,29021554.0,26291722.0,1794325.0,935507.0,24374166.0,9778602.0
40,2016,Rhode Island,2377283.0,175379.0,940989.0,1260915.0,2329343.0,2242317.0,45441.0,41585.0,903268.0,17967.0
41,2016,South Carolina,9149576.0,840786.0,4262164.0,4046626.0,9135095.0,7746894.0,1049630.0,338571.0,13970560.0,3388981.0
42,2016,South Dakota,1452424.0,196644.0,438629.0,817151.0,1473360.0,1248905.0,192504.0,31951.0,948669.0,813686.0
43,2016,Tennessee,9559722.0,1096182.0,4395757.0,4067783.0,9665661.0,8886616.0,553997.0,225048.0,5812779.0,89983.0
44,2016,Texas,58102045.0,5953348.0,22004299.0,30144398.0,59129657.0,45886733.0,8332612.0,4910312.0,78626885.0,32557172.0
45,2016,Utah,4946408.0,394060.0,2533573.0,2018775.0,4919361.0,4095444.0,707988.0,115929.0,3154376.0,2475641.0
46,2016,Vermont,1789559.0,111891.0,1614518.0,63150.0,1705559.0,1652676.0,42911.0,9972.0,257946.0,102255.0
47,2016,Virginia,15977316.0,1058146.0,6297587.0,8621583.0,16245529.0,14752819.0,1161323.0,331387.0,8405022.0,0.0
48,2016,Washington,14854084.0,1097684.0,9211201.0,4545199.0,15207550.0,12569546.0,2204059.0,433945.0,11397988.0,6400289.0
49,2016,West Virginia,3377707.0,358068.0,1863062.0,1156577.0,3364357.0,3167977.0,181392.0,14988.0,345800.0,629267.0
50,2016,Wisconsin,11325800.0,782610.0,5986763.0,4556427.0,11409377.0,9959870.0,1082849.0,366658.0,5317052.0,3732827.0
51,2016,Wyoming,2041958.0,123012.0,1175899.0,743047.0,2017673.0,1560764.0,454302.0,2607.0,62810.0,608961.0
52,2016,       (X) Not applicable,,,,,,,,,,
53,2016,       1Duplicative interschool system transactions are excluded,,,,,,,,,,
54,2016,"           2Includes payments to state and local governments, and interest on school system indebtedness",,,,,,,,,,
55,2016,   Note: This information represents financial data for public independent and dependent school systems,,,,,,,,,,
56,2016,financial transactions of public nonschool entities,,,,,,,,,,
57,2016,excluded as these holdings cannot be separated from the assets of their parent governments,,,,,,,,,,
58,2016,"programs are included under ""Current spending"" but are excluded from the per pupil data displayed in Tables 8, 11, 14, 18, and 20",,,,,,,,,,
59,2016,include the finances of charter schools whose charters are held directly by a government or a government agency,,,,,,,,,,
60,2016,are deemed to be out of scope for the Annual Survey of School System Finances,,,,,,,,,,
61,2016,       SOURCE: 2016 Annual Survey of School System Finances,,,,,,,,,,
1,2015,Alabama,7358479.0,795238.0,4080167.0,2483074.0,7492652.0,6826622.0,510091.0,155939.0,5437528.0,2110042.0
2,2015,Alaska,2920866.0,344111.0,2026555.0,550200.0,2968341.0,2646225.0,281914.0,40202.0,1362195.0,0.0
3,2015,Arizona,8159132.0,1093834.0,3232013.0,3833285.0,7885928.0,7205417.0,497662.0,182849.0,4976311.0,2737810.0
4,2015,Arkansas,5292617.0,581412.0,4075118.0,636087.0,5324723.0,4683434.0,511556.0,129733.0,4090937.0,1587246.0
5,2015,California,75394798.0,7556365.0,42360470.0,25477963.0,75165373.0,66208111.0,6373893.0,2583369.0,59761653.0,35547749.0
6,2015,Colorado,9603864.0,715254.0,4354525.0,4534085.0,9512208.0,8146683.0,923360.0,442165.0,7228745.0,3799607.0
7,2015,Connecticut,10857282.0,444073.0,4353546.0,6059663.0,10255593.0,9603117.0,530491.0,121985.0,2518855.0,103565.0
8,2015,Delaware,1976630.0,137544.0,1142333.0,696753.0,1902870.0,1779087.0,103129.0,20654.0,665473.0,118766.0
9,2015,District of Columbia,1382282.0,146366.0,0.0,1235916.0,1360942.0,979040.0,381902.0,0.0,0.0,0.0
10,2015,Florida,26965611.0,3118041.0,10661586.0,13185984.0,27277049.0,24933433.0,1681665.0,661951.0,14775644.0,7477307.0
11,2015,Georgia,18580802.0,1831221.0,8310872.0,8438709.0,18491168.0,16401832.0,1879063.0,210273.0,4025984.0,5518927.0
12,2015,Hawaii,2703683.0,259390.0,2381547.0,62746.0,2521004.0,2359203.0,161801.0,0.0,0.0,0.0
13,2015,Idaho,2167326.0,232449.0,1381205.0,553672.0,2029520.0,1902503.0,75680.0,51337.0,1392722.0,801543.0
14,2015,Illinois,31403190.0,2262192.0,11858968.0,17282030.0,31544250.0,28584939.0,2056951.0,902360.0,20681383.0,15035521.0
15,2015,Indiana,12214546.0,929878.0,7676341.0,3608327.0,11148284.0,9797058.0,948358.0,402868.0,10600456.0,3993856.0
16,2015,Iowa,6452929.0,458457.0,3460798.0,2533674.0,6525399.0,5558398.0,842674.0,124327.0,3641714.0,3071697.0
17,2015,Kansas,5990196.0,475273.0,3967809.0,1547114.0,6170661.0,4995292.0,963767.0,211602.0,5401730.0,2745822.0
18,2015,Kentucky,7547768.0,848963.0,4176753.0,2522052.0,7553188.0,6693668.0,600859.0,258661.0,5618972.0,1817343.0
19,2015,Louisiana,8432847.0,1235580.0,3480365.0,3716902.0,8174411.0,7291286.0,780338.0,102787.0,4184791.0,3406536.0
20,2015,Maine,2670356.0,183883.0,1060925.0,1425548.0,2526590.0,2426820.0,55686.0,44084.0,767895.0,218335.0
21,2015,Maryland,14487572.0,819162.0,6267624.0,7400786.0,13656491.0,12430544.0,1050651.0,175296.0,4432670.0,0.0
22,2015,Massachusetts,16845416.0,778939.0,6808436.0,9258041.0,16569162.0,15315796.0,1034539.0,218827.0,5228836.0,267913.0
23,2015,Michigan,18061614.0,1582706.0,10510346.0,5968562.0,17452429.0,15712267.0,967476.0,772686.0,16804727.0,6824057.0
24,2015,Minnesota,11533096.0,629909.0,7567199.0,3335988.0,11802631.0,10085128.0,1328863.0,388640.0,11537967.0,5209333.0
25,2015,Mississippi,4580037.0,672366.0,2324855.0,1582816.0,4513040.0,4161329.0,296292.0,55419.0,1512672.0,1538586.0
26,2015,Missouri,10536780.0,948600.0,4441091.0,5147089.0,10426212.0,9269713.0,869078.0,287421.0,6959075.0,4782299.0
27,2015,Montana,1787946.0,214980.0,851068.0,721898.0,1786323.0,1603318.0,160885.0,22120.0,619512.0,852108.0
28,2015,Nebraska,4156275.0,344382.0,1350116.0,2461777.0,4264370.0,3732390.0,449287.0,82693.0,2704290.0,2170603.0
29,2015,Nevada,4343666.0,395630.0,2744606.0,1203430.0,4177850.0,3804316.0,205794.0,167740.0,3621774.0,881468.0
30,2015,New Hampshire,2992258.0,164905.0,1000063.0,1827290.0,2877774.0,2711114.0,125475.0,41185.0,803386.0,263577.0
31,2015,New Jersey,28221327.0,1154004.0,11418483.0,15648840.0,27654903.0,26025344.0,1290946.0,338613.0,7265758.0,4229510.0
32,2015,New Mexico,3789651.0,499789.0,2595682.0,694180.0,3838927.0,3184539.0,587243.0,67145.0,2168221.0,1514837.0
33,2015,New York,63463118.0,2869847.0,25900858.0,34692413.0,64798836.0,59209906.0,4536014.0,1052916.0,31664822.0,10595345.0
34,2015,North Carolina,13146934.0,1589570.0,8172685.0,3384679.0,13995495.0,12789303.0,698847.0,507345.0,7785453.0,0.0
35,2015,North Dakota,1596345.0,158373.0,932772.0,505200.0,1748970.0,1420265.0,303053.0,25652.0,571019.0,595574.0
36,2015,Ohio,22535797.0,1676820.0,9215276.0,11643701.0,22399589.0,19867256.0,1750785.0,781548.0,11307658.0,10071144.0
37,2015,Oklahoma,6119590.0,688990.0,2993050.0,2437550.0,6168891.0,5456487.0,663768.0,48636.0,2044874.0,2129821.0
38,2015,Oregon,7065169.0,577106.0,3678001.0,2810062.0,6994886.0,6173205.0,477516.0,344165.0,7103943.0,2809233.0
39,2015,Pennsylvania,28509946.0,1857885.0,10532452.0,16119609.0,27976587.0,25305395.0,1663209.0,1007983.0,26353930.0,9951725.0
40,2015,Rhode Island,2343730.0,184718.0,908963.0,1250049.0,2300550.0,2204789.0,50889.0,44872.0,950934.0,16829.0
41,2015,South Carolina,8747944.0,836137.0,4094766.0,3817041.0,8750897.0,7463268.0,928112.0,359517.0,13646238.0,3022511.0
42,2015,South Dakota,1412443.0,206853.0,425614.0,779976.0,1462085.0,1205748.0,222592.0,33745.0,921609.0,860874.0
43,2015,Tennessee,9433434.0,1123413.0,4277381.0,4032640.0,9545980.0,8763459.0,553396.0,229125.0,5828273.0,66968.0
44,2015,Texas,55408404.0,5830972.0,20967429.0,28610003.0,56084388.0,44675233.0,6765205.0,4643950.0,75592342.0,30006954.0
45,2015,Utah,4570163.0,400213.0,2358651.0,1811299.0,4533624.0,3805778.0,606254.0,121592.0,2967505.0,2151069.0
46,2015,Vermont,1728446.0,105333.0,1546600.0,76513.0,1681292.0,1612052.0,58856.0,10384.0,275342.0,98500.0
47,2015,Virginia,15580882.0,1012205.0,6240349.0,8328328.0,15860940.0,14458878.0,1086722.0,315340.0,8522464.0,0.0
48,2015,Washington,13609674.0,1036422.0,8293812.0,4279440.0,13586886.0,11566562.0,1601069.0,419255.0,10121815.0,5377390.0
49,2015,West Virginia,3465194.0,362959.0,1979466.0,1122769.0,3464205.0,3215683.0,232738.0,15784.0,383175.0,618344.0
50,2015,Wisconsin,11281068.0,814385.0,5869265.0,4597418.0,11191475.0,9928685.0,894823.0,367967.0,5253491.0,3924163.0
51,2015,Wyoming,1960772.0,120290.0,1116917.0,723565.0,1926445.0,1513919.0,409425.0,3101.0,75365.0,591566.0
52,2015,       (X) Not applicable,,,,,,,,,,
53,2015,       1Duplicative interschool system transactions are excluded,,,,,,,,,,
54,2015,"           2Includes payments to state and local governments, and interest on school system indebtedness",,,,,,,,,,
55,2015,   Note: This information represents financial data for public independent and dependent school systems,,,,,,,,,,
56,2015,financial transactions of public nonschool entities,,,,,,,,,,
57,2015,excluded as these holdings cannot be separated from the assets of their parent governments,,,,,,,,,,
58,2015,"programs are included under ""Current spending"" but are excluded from the per pupil data displayed in Tables 8, 11, 14, 18, and 20",,,,,,,,,,
59,2015,include the finances of charter schools whose charters are held directly by a government or a government agency,,,,,,,,,,
60,2015,are deemed to be out of scope for the Annual Survey of School System Finances,,,,,,,,,,
61,2015,       SOURCE: 2015 Annual Survey of School System Finances,,,,,,,,,,
1,2014,Alabama,7355547.0,794090.0,4031547.0,2529910.0,7578390.0,6802467.0,580934.0,194989.0,5273703.0,2177633.0
2,2014,Alaska,2663488.0,309525.0,1824373.0,529590.0,2727056.0,2415614.0,269107.0,42335.0,1272709.0,0.0
3,2014,Arizona,8293591.0,1102980.0,3182285.0,4008326.0,8101041.0,7221984.0,678228.0,200829.0,4457686.0,2589938.0
4,2014,Arkansas,5175529.0,552738.0,4006889.0,615902.0,5205338.0,4645874.0,424314.0,135150.0,3945397.0,1508617.0
5,2014,California,69857908.0,7415061.0,38410554.0,24032293.0,69336590.0,60715787.0,6124103.0,2496700.0,56060457.0,30475968.0
6,2014,Colorado,9117534.0,681230.0,3961719.0,4474585.0,9240796.0,7847152.0,932776.0,460868.0,7215312.0,3922979.0
7,2014,Connecticut,10516316.0,420593.0,4141590.0,5954133.0,9932659.0,9361449.0,447290.0,123920.0,2777706.0,96735.0
8,2014,Delaware,1904776.0,133055.0,1137764.0,633957.0,1930195.0,1736678.0,171618.0,21899.0,543557.0,133356.0
9,2014,District of Columbia,1342220.0,134959.0,0.0,1207261.0,1313289.0,913724.0,399565.0,0.0,0.0,0.0
10,2014,Florida,26072680.0,3112027.0,10460928.0,12499725.0,26523658.0,24279963.0,1468023.0,775672.0,15304653.0,8289299.0
11,2014,Georgia,17817933.0,1804212.0,7837335.0,8176386.0,17658341.0,15800788.0,1642099.0,215454.0,4652152.0,5727534.0
12,2014,Hawaii,2696766.0,286988.0,2354601.0,55177.0,2504144.0,2330944.0,173200.0,0.0,0.0,0.0
13,2014,Idaho,2084312.0,232593.0,1319582.0,532137.0,2012852.0,1868338.0,91323.0,53191.0,1389273.0,657869.0
14,2014,Illinois,30407109.0,2301827.0,11163462.0,16941820.0,30198352.0,27312497.0,1999969.0,885886.0,21151104.0,15503239.0
15,2014,Indiana,12149675.0,933891.0,7632238.0,3583546.0,10892114.0,9680499.0,889924.0,321691.0,11055774.0,3880995.0
16,2014,Iowa,6194941.0,455586.0,3247115.0,2492240.0,6296234.0,5380362.0,801317.0,114555.0,3527917.0,2967222.0
17,2014,Kansas,5812358.0,419415.0,3265012.0,2127931.0,5953275.0,4937276.0,813093.0,202906.0,5108001.0,2745464.0
18,2014,Kentucky,7228770.0,825742.0,3966872.0,2436156.0,7344521.0,6459529.0,620745.0,264247.0,5780722.0,1683848.0
19,2014,Louisiana,8323024.0,1272004.0,3455315.0,3595705.0,7985369.0,7166563.0,706668.0,112138.0,3938907.0,4499403.0
20,2014,Maine,2609930.0,182961.0,1032280.0,1394689.0,2474551.0,2366014.0,66571.0,41966.0,810176.0,196268.0
21,2014,Maryland,13978426.0,816033.0,6186736.0,6975657.0,13450813.0,12146895.0,1131199.0,172719.0,4265471.0,0.0
22,2014,Massachusetts,16474364.0,791029.0,6587492.0,9095843.0,16133044.0,14864764.0,1028761.0,239519.0,4712532.0,239172.0
23,2014,Michigan,17529062.0,1563397.0,10073758.0,5891907.0,17098757.0,15425529.0,856907.0,816321.0,17942709.0,5571876.0
24,2014,Minnesota,11017479.0,630445.0,7603409.0,2783625.0,11127875.0,9670430.0,1069928.0,387517.0,10781547.0,4602539.0
25,2014,Mississippi,4467314.0,664697.0,2243098.0,1559519.0,4460359.0,4087545.0,316494.0,56320.0,1612768.0,1524834.0
26,2014,Missouri,10163998.0,895743.0,4267069.0,5001186.0,10204480.0,9004641.0,919482.0,280357.0,6836162.0,4626511.0
27,2014,Montana,1712493.0,201528.0,822788.0,688177.0,1735317.0,1597093.0,121753.0,16471.0,590371.0,835647.0
28,2014,Nebraska,3926537.0,318179.0,1283012.0,2325346.0,3988681.0,3606311.0,307828.0,74542.0,2316948.0,1799072.0
29,2014,Nevada,4201457.0,381596.0,2651854.0,1168007.0,4038933.0,3689170.0,161354.0,188409.0,3905728.0,982475.0
30,2014,New Hampshire,2943450.0,161989.0,1003995.0,1777466.0,2800092.0,2671124.0,87603.0,41365.0,788605.0,228296.0
31,2014,New Jersey,27408345.0,1142878.0,11047025.0,15218442.0,26644924.0,25435200.0,895858.0,313866.0,7200108.0,3751112.0
32,2014,New Mexico,3601387.0,466320.0,2505492.0,629575.0,3571164.0,2945112.0,562323.0,63729.0,2038542.0,1459436.0
33,2014,New York,61100409.0,3347393.0,24830862.0,32922154.0,62271617.0,57066225.0,4060304.0,1145088.0,31118521.0,10396574.0
34,2014,North Carolina,13462754.0,1529624.0,7849343.0,4083787.0,13479223.0,12335923.0,609013.0,534287.0,7798315.0,0.0
35,2014,North Dakota,1530158.0,155894.0,901032.0,473232.0,1543493.0,1281260.0,239992.0,22241.0,463455.0,625408.0
36,2014,Ohio,22423472.0,1692769.0,9492461.0,11238242.0,21691156.0,19361019.0,1546152.0,783985.0,10468075.0,8991608.0
37,2014,Oklahoma,6032331.0,690122.0,2983860.0,2358349.0,6009958.0,5272108.0,687788.0,50062.0,1887637.0,1884682.0
38,2014,Oregon,6573206.0,521463.0,3393147.0,2658596.0,6437672.0,5831595.0,311077.0,295000.0,6396356.0,1810836.0
39,2014,Pennsylvania,27647475.0,1812609.0,10272392.0,15562474.0,27036390.0,24405142.0,1566997.0,1064251.0,25063297.0,9492854.0
40,2014,Rhode Island,2289429.0,186551.0,867512.0,1235366.0,2231807.0,2152928.0,37897.0,40982.0,980418.0,14863.0
41,2014,South Carolina,8405682.0,812536.0,3902923.0,3690223.0,8435809.0,7213918.0,862750.0,359141.0,12714011.0,2953688.0
42,2014,South Dakota,1342877.0,186216.0,413544.0,743117.0,1352648.0,1177643.0,146035.0,28970.0,856854.0,834751.0
43,2014,Tennessee,9215027.0,1095377.0,4315952.0,3803698.0,9418223.0,8638389.0,549104.0,230730.0,5850033.0,102304.0
44,2014,Texas,52609018.0,5643178.0,20510815.0,26455025.0,52931107.0,42851117.0,5766846.0,4313144.0,70838845.0,27364120.0
45,2014,Utah,4400351.0,385210.0,2363055.0,1652086.0,4381995.0,3779376.0,490911.0,111708.0,2830750.0,2000064.0
46,2014,Vermont,1672580.0,102434.0,1495453.0,74693.0,1636281.0,1568241.0,56780.0,11260.0,286087.0,67329.0
47,2014,Virginia,15083311.0,1009659.0,5994897.0,8078755.0,15451418.0,14049059.0,1041633.0,360726.0,7880850.0,0.0
48,2014,Washington,12943921.0,1030232.0,7833024.0,4080665.0,12765051.0,10853352.0,1525815.0,385884.0,9948133.0,4510481.0
49,2014,West Virginia,3502513.0,351957.0,2033948.0,1116608.0,3496901.0,3194265.0,286099.0,16537.0,405605.0,619637.0
50,2014,Wisconsin,11001272.0,830568.0,5709579.0,4461125.0,10920466.0,9801156.0,767074.0,352236.0,4900380.0,3348587.0
51,2014,Wyoming,1771027.0,112709.0,965213.0,693105.0,1762762.0,1472408.0,287977.0,2377.0,81307.0,537177.0
52,2014,       (X) Not applicable,,,,,,,,,,
53,2014,       1Duplicative interschool system transactions are excluded,,,,,,,,,,
54,2014,"           2Includes payments to state and local governments, and interest on school system indebtedness",,,,,,,,,,
55,2014,   Note: This information represents financial data for public independent and dependent school systems,,,,,,,,,,
56,2014,financial transactions of public nonschool entities,,,,,,,,,,
57,2014,excluded as these holdings cannot be separated from the assets of their parent governments,,,,,,,,,,
58,2014,"programs are included under ""Current spending"" but are excluded from the per pupil data displayed in Tables 8, 11, 14, 18, and 20",,,,,,,,,,
59,2014,include the finances of charter schools whose charters are held directly by a government or a government agency,,,,,,,,,,
60,2014,are deemed to be out of scope for the Annual Survey of School System Finances,,,,,,,,,,
61,2014,       SOURCE: 2014 Annual Survey of School System Finances,,,,,,,,,,
1,2013,Alabama,7153244.0,811739.0,3898347.0,2443158.0,7479000.0,6641973.0,643522.0,193505.0,5116627.0,2220159.0
2,2013,Alaska,2545076.0,320938.0,1707449.0,516689.0,2665933.0,2394256.0,248505.0,23172.0,1321403.0,0.0
3,2013,Arizona,8097916.0,1178356.0,2934165.0,3985395.0,7594979.0,6836563.0,558466.0,199950.0,4268976.0,2635960.0
4,2013,Arkansas,5050784.0,572096.0,3847045.0,631643.0,5189049.0,4521591.0,533975.0,133483.0,3664741.0,1302837.0
5,2013,California,66445919.0,7836263.0,35141208.0,23468448.0,66823475.0,58252145.0,6160059.0,2411271.0,54627921.0,32909237.0
6,2013,Colorado,8782259.0,696266.0,3693829.0,4392164.0,8652293.0,7431842.0,758041.0,462410.0,7733760.0,4048250.0
7,2013,Connecticut,10106977.0,434543.0,3870444.0,5801990.0,9505979.0,8888729.0,487318.0,129932.0,2955849.0,141805.0
8,2013,Delaware,1879594.0,151096.0,1124112.0,604386.0,1869552.0,1689501.0,157935.0,22116.0,546114.0,123666.0
9,2013,District of Columbia,1300036.0,129874.0,0.0,1170162.0,1308438.0,932762.0,375676.0,0.0,0.0,0.0
10,2013,Florida,24674105.0,3027018.0,9455562.0,12191525.0,25245400.0,23144871.0,1411455.0,689074.0,15442014.0,7491910.0
11,2013,Georgia,17455531.0,1805878.0,7580785.0,8068868.0,17305665.0,15444120.0,1632844.0,228701.0,4598756.0,5710995.0
12,2013,Hawaii,2331770.0,310778.0,1962923.0,58069.0,2345917.0,2199261.0,146656.0,0.0,0.0,0.0
13,2013,Idaho,2014850.0,237912.0,1278155.0,498783.0,1967676.0,1852239.0,62882.0,52555.0,1304638.0,584593.0
14,2013,Illinois,29381978.0,2311235.0,10382540.0,16688203.0,28612177.0,25781063.0,1942608.0,888506.0,20999548.0,15946239.0
15,2013,Indiana,11988555.0,980013.0,7503451.0,3505091.0,10975055.0,9658654.0,862576.0,453825.0,11510266.0,3876532.0
16,2013,Iowa,6030006.0,459132.0,3118413.0,2452461.0,6082199.0,5177697.0,783793.0,120709.0,3340760.0,2827644.0
17,2013,Kansas,5665784.0,420820.0,3193838.0,2051126.0,5616915.0,4808207.0,616590.0,192118.0,4635849.0,2401330.0
18,2013,Kentucky,7215016.0,867735.0,3960822.0,2386459.0,7412136.0,6444524.0,729064.0,238548.0,5556456.0,1681911.0
19,2013,Louisiana,8084272.0,1229248.0,3370399.0,3484625.0,7816166.0,7057261.0,644212.0,114693.0,3837104.0,3264592.0
20,2013,Maine,2586899.0,196466.0,1029166.0,1361267.0,2458560.0,2335644.0,70345.0,52571.0,847287.0,188098.0
21,2013,Maryland,13810290.0,828432.0,6093652.0,6888206.0,13028147.0,11904963.0,955586.0,167598.0,4209003.0,0.0
22,2013,Massachusetts,15979549.0,818054.0,6428534.0,8732961.0,15833319.0,14325029.0,1283156.0,225134.0,5173073.0,207453.0
23,2013,Michigan,17352711.0,1636324.0,9882361.0,5834026.0,17218124.0,15409441.0,962506.0,846177.0,18697983.0,7279931.0
24,2013,Minnesota,10703224.0,646542.0,6792440.0,3264242.0,10773679.0,9329694.0,1016760.0,427225.0,10795906.0,4178442.0
25,2013,Mississippi,4433018.0,707522.0,2213501.0,1511995.0,4368070.0,4023621.0,285801.0,58648.0,1707286.0,1682971.0
26,2013,Missouri,10030499.0,894168.0,4235564.0,4900767.0,9911964.0,8788558.0,833040.0,290366.0,6653241.0,4596344.0
27,2013,Montana,1651635.0,210593.0,788329.0,652713.0,1658087.0,1526973.0,111496.0,19618.0,489491.0,767204.0
28,2013,Nebraska,3794639.0,366241.0,1217306.0,2211092.0,3894835.0,3513122.0,298231.0,83482.0,2082436.0,1583783.0
29,2013,Nevada,4130292.0,392009.0,2556472.0,1181811.0,4055016.0,3622259.0,222161.0,210596.0,4195356.0,1114968.0
30,2013,New Hampshire,2875666.0,163890.0,1020089.0,1691687.0,2709382.0,2598940.0,72588.0,37854.0,816191.0,186129.0
31,2013,New Jersey,27066207.0,1145079.0,10986132.0,14934996.0,27108253.0,25840320.0,933676.0,334257.0,7556832.0,3512464.0
32,2013,New Mexico,3518621.0,519318.0,2401884.0,597419.0,3531018.0,2951635.0,514077.0,65306.0,1950929.0,1254173.0
33,2013,New York,59398819.0,3335657.0,23632698.0,32430464.0,60228202.0,55065814.0,3982327.0,1180061.0,32511650.0,9904835.0
34,2013,North Carolina,12729402.0,1579889.0,7891977.0,3257536.0,13595456.0,12383103.0,653058.0,559295.0,8234152.0,0.0
35,2013,North Dakota,1361590.0,145905.0,685348.0,530337.0,1458469.0,1214572.0,224615.0,19282.0,354099.0,429038.0
36,2013,Ohio,21731148.0,1721213.0,8990516.0,11019419.0,21862774.0,19093499.0,1998557.0,770718.0,9439185.0,7864672.0
37,2013,Oklahoma,5876075.0,715944.0,2890048.0,2270083.0,5777164.0,5176307.0,557341.0,43516.0,1612929.0,1626825.0
38,2013,Oregon,6021680.0,471682.0,3041825.0,2508173.0,6214378.0,5557770.0,343353.0,313255.0,6492262.0,1759539.0
39,2013,Pennsylvania,27024284.0,2049113.0,9764558.0,15210613.0,26927028.0,24371778.0,1501024.0,1054226.0,25449313.0,9155099.0
40,2013,Rhode Island,2261558.0,193393.0,841875.0,1226290.0,2208327.0,2127835.0,35089.0,45403.0,1040407.0,13862.0
41,2013,South Carolina,8241948.0,814137.0,3819285.0,3608526.0,8207937.0,6981750.0,853410.0,372777.0,12240323.0,2725912.0
42,2013,South Dakota,1314331.0,194731.0,408009.0,711591.0,1329800.0,1118894.0,179586.0,31320.0,757517.0,756864.0
43,2013,Tennessee,8977376.0,1165801.0,4097627.0,3713948.0,9224011.0,8506536.0,564756.0,152719.0,5118169.0,81448.0
44,2013,Texas,49566997.0,5695947.0,18873046.0,24998004.0,50509112.0,40962488.0,5472152.0,4074472.0,67957662.0,25277233.0
45,2013,Utah,4295584.0,409774.0,2235917.0,1649893.0,4580677.0,3768028.0,698249.0,114400.0,2778055.0,1826205.0
46,2013,Vermont,1618909.0,114697.0,1431621.0,72591.0,1598526.0,1531473.0,55825.0,11228.0,302954.0,75498.0
47,2013,Virginia,15058548.0,1108879.0,5874323.0,8075346.0,15393402.0,13945891.0,1089417.0,358094.0,8378552.0,0.0
48,2013,Washington,12149279.0,1042200.0,7159428.0,3947651.0,12058003.0,10226074.0,1443002.0,388927.0,9539647.0,3926651.0
49,2013,West Virginia,3474979.0,383169.0,2027414.0,1064396.0,3486557.0,3183386.0,284685.0,18486.0,422655.0,636911.0
50,2013,Wisconsin,10801895.0,827432.0,5587013.0,4387450.0,10545086.0,9685431.0,521352.0,338303.0,4934913.0,3117269.0
51,2013,Wyoming,1693178.0,113501.0,881114.0,698563.0,1661316.0,1445295.0,213920.0,2101.0,61665.0,523365.0
52,2013,       (X) Not applicable,,,,,,,,,,
53,2013,       1Duplicative interschool system transactions are excluded,,,,,,,,,,
54,2013,"           2Includes payments to state and local governments, and interest on school system indebtedness",,,,,,,,,,
55,2013,   Note: This information represents financial data for public independent and dependent school systems,,,,,,,,,,
56,2013,financial transactions of public nonschool entities,,,,,,,,,,
57,2013,excluded as these holdings cannot be separated from the assets of their parent governments,,,,,,,,,,
58,2013,"programs are included under ""Current spending"" but are excluded from the per pupil data displayed in Tables 8, 11, 14, 18, and 20",,,,,,,,,,
59,2013,include the finances of charter schools whose charters are held directly by a government or a government agency,,,,,,,,,,
60,2013,are deemed to be out of scope for the Annual Survey of School System Finances,,,,,,,,,,
61,2013,       SOURCE: 2013 Annual Survey of School System Finances,,,,,,,,,,
1,2012,Alabama,7135105.0,789954.0,3948651.0,2396500.0,7212701.0,6493448.0,580949.0,138304.0,4879251.0,2208750.0
2,2012,Alaska,2383402.0,352005.0,1507913.0,523484.0,2483320.0,2285517.0,145219.0,52584.0,1076477.0,0.0
3,2012,Arizona,7869244.0,1050228.0,2845535.0,3973481.0,8054662.0,7135021.0,699033.0,220608.0,4161223.0,2761484.0
4,2012,Arkansas,5151611.0,666267.0,3823172.0,662172.0,5259962.0,4509911.0,612420.0,137631.0,3605101.0,1432068.0
5,2012,California,66568626.0,8793325.0,36413273.0,21362028.0,67250951.0,58095154.0,6736656.0,2419141.0,51369368.0,28566665.0
6,2012,Colorado,8570286.0,705634.0,3702427.0,4162225.0,8424357.0,7279824.0,697434.0,447099.0,6941424.0,3731948.0
7,2012,Connecticut,9867251.0,509564.0,3735476.0,5622211.0,9534667.0,8762915.0,637389.0,134363.0,2930142.0,104764.0
8,2012,Delaware,1815111.0,183793.0,1090060.0,541258.0,1861298.0,1689513.0,149584.0,22201.0,553911.0,169128.0
9,2012,District of Columbia,1331006.0,137742.0,0.0,1193264.0,1189542.0,905652.0,283890.0,0.0,0.0,0.0
10,2012,Florida,24131880.0,3068321.0,8702317.0,12361242.0,25352047.0,22788834.0,1837264.0,725949.0,16070589.0,7124316.0
11,2012,Georgia,17556060.0,1862297.0,7455147.0,8238616.0,17387814.0,15572647.0,1566020.0,249147.0,4655459.0,6137255.0
12,2012,Hawaii,2535038.0,318728.0,2161254.0,55056.0,2344733.0,2220637.0,124096.0,0.0,0.0,0.0
13,2012,Idaho,1981212.0,266087.0,1238989.0,476136.0,1911706.0,1785929.0,69239.0,56538.0,1339793.0,640715.0
14,2012,Illinois,29153117.0,2430413.0,10142137.0,16580567.0,28131208.0,25211371.0,2032447.0,887390.0,19874324.0,15435127.0
15,2012,Indiana,12142555.0,1096902.0,7462594.0,3583059.0,11095248.0,9851586.0,894450.0,349212.0,11710502.0,3525810.0
16,2012,Iowa,6031265.0,512246.0,2681035.0,2837984.0,6016344.0,5003871.0,900591.0,111882.0,3131872.0,2598678.0
17,2012,Kansas,5612118.0,410051.0,3173205.0,2028862.0,5606955.0,4740356.0,662722.0,203877.0,4444207.0,2208911.0
18,2012,Kentucky,7191188.0,983232.0,3920971.0,2286985.0,7442661.0,6466874.0,764062.0,211725.0,5209643.0,1786266.0
19,2012,Louisiana,8449930.0,1527734.0,3588546.0,3333650.0,8487312.0,7592600.0,777379.0,117333.0,3687411.0,3157395.0
20,2012,Maine,2555729.0,239982.0,1012326.0,1303421.0,2561146.0,2372472.0,131394.0,57280.0,934800.0,217567.0
21,2012,Maryland,13748192.0,859635.0,5980541.0,6908016.0,12945940.0,11638908.0,1139120.0,167912.0,3941898.0,0.0
22,2012,Massachusetts,15621093.0,979175.0,6200945.0,8440973.0,15322976.0,13911788.0,1159931.0,251257.0,382918.0,195979.0
23,2012,Michigan,17671139.0,1866406.0,9796808.0,6007925.0,17808408.0,15735318.0,1200582.0,872508.0,18696935.0,6140401.0
24,2012,Minnesota,10526813.0,740098.0,6642440.0,3144275.0,10532589.0,9054613.0,1034162.0,443814.0,10551943.0,3092934.0
25,2012,Mississippi,4466518.0,795110.0,2195720.0,1475688.0,4420994.0,4022904.0,329375.0,68715.0,1653907.0,1582232.0
26,2012,Missouri,9949576.0,994192.0,4115324.0,4840060.0,9818855.0,8604213.0,891474.0,323168.0,6630558.0,4501825.0
27,2012,Montana,1612365.0,214164.0,761029.0,637172.0,1632772.0,1498829.0,117001.0,16942.0,426626.0,713475.0
28,2012,Nebraska,3691601.0,366016.0,1166374.0,2159211.0,3859894.0,3398322.0,374671.0,86901.0,2080528.0,1588823.0
29,2012,Nevada,4052404.0,403548.0,2401035.0,1247821.0,4107797.0,3546300.0,321145.0,240352.0,4420014.0,2346372.0
30,2012,New Hampshire,2862014.0,187243.0,1029325.0,1645446.0,2806860.0,2601337.0,160056.0,45467.0,898550.0,179589.0
31,2012,New Jersey,26616365.0,1371038.0,10401941.0,14843386.0,25663828.0,24356836.0,940577.0,366415.0,8758341.0,3403687.0
32,2012,New Mexico,3478709.0,491732.0,2380982.0,605995.0,3610384.0,2928849.0,615427.0,66108.0,1951469.0,1233952.0
33,2012,New York,58757633.0,3769627.0,23314292.0,31673714.0,59922411.0,54584741.0,4094920.0,1242750.0,33173651.0,9466762.0
34,2012,North Carolina,12788659.0,1831015.0,7648102.0,3309542.0,13361770.0,12055354.0,728580.0,577836.0,8607872.0,0.0
35,2012,North Dakota,1304100.0,160050.0,658255.0,485795.0,1328022.0,1147943.0,160904.0,19175.0,328016.0,596932.0
36,2012,Ohio,22035362.0,2007733.0,9336277.0,10691352.0,22500853.0,19310163.0,2416140.0,774550.0,8939405.0,8655762.0
37,2012,Oklahoma,5823118.0,773014.0,2869071.0,2181033.0,5575443.0,5021707.0,496119.0,57617.0,1545705.0,1512981.0
38,2012,Oregon,6075478.0,550894.0,3038052.0,2486532.0,6301825.0,5536815.0,448562.0,316448.0,6537167.0,1927395.0
39,2012,Pennsylvania,26455893.0,2145208.0,9561500.0,14749185.0,25105120.0,22303920.0,1735626.0,1065574.0,25814802.0,8924369.0
40,2012,Rhode Island,2194831.0,204682.0,779000.0,1211149.0,2173173.0,2094785.0,33633.0,44755.0,1025628.0,11943.0
41,2012,South Carolina,7875144.0,848254.0,3586738.0,3440152.0,7923946.0,6647434.0,869025.0,407487.0,11381795.0,2789185.0
42,2012,South Dakota,1296353.0,212615.0,395054.0,688684.0,1293181.0,1091980.0,172398.0,28803.0,734777.0,744412.0
43,2012,Tennessee,8948633.0,1257953.0,4017946.0,3672734.0,9230243.0,8358768.0,671532.0,199943.0,5048915.0,100956.0
44,2012,Texas,49815063.0,6140296.0,19801928.0,23872839.0,50054220.0,40353774.0,5538370.0,4162076.0,66926063.0,24848274.0
45,2012,Utah,4213226.0,426702.0,2158049.0,1628475.0,4327370.0,3548527.0,666528.0,112315.0,2648616.0,1841379.0
46,2012,Vermont,1572228.0,124451.0,1372320.0,75457.0,1535141.0,1476846.0,45788.0,12507.0,269262.0,64828.0
47,2012,Virginia,14692768.0,1365551.0,5564504.0,7762713.0,14907338.0,13479465.0,1078796.0,349077.0,7977111.0,0.0
48,2012,Washington,11867897.0,1057045.0,7001110.0,3809742.0,12150499.0,10127340.0,1552074.0,471085.0,8827696.0,3748389.0
49,2012,West Virginia,3958439.0,432223.0,2014017.0,1512199.0,3534912.0,3270186.0,245082.0,19644.0,458390.0,668298.0
50,2012,Wisconsin,10862147.0,907311.0,4786356.0,5168480.0,10444742.0,9648094.0,449246.0,347402.0,4890875.0,2645079.0
51,2012,Wyoming,1660037.0,144728.0,851896.0,663413.0,1654343.0,1439610.0,213245.0,1488.0,54020.0,503115.0
52,2012,       (X) Not applicable,,,,,,,,,,
53,2012,       1Duplicative interschool system transactions are excluded,,,,,,,,,,
54,2012,"           2Includes payments to state and local governments, and interest on school system indebtedness",,,,,,,,,,
55,2012,   Note: This information represents financial data for public independent and dependent school systems,,,,,,,,,,
56,2012,financial transactions of public nonschool entities,,,,,,,,,,
57,2012,excluded as these holdings cannot be separated from the assets of their parent governments,,,,,,,,,,
58,2012,"programs are included under ""Current spending"" but are excluded from the per pupil data displayed in Tables 8, 11, 14, 18, and 20",,,,,,,,,,
59,2012,include the finances of charter schools whose charters are held directly by a government or a government agency,,,,,,,,,,
60,2012,are deemed to be out of scope for the Survey of School System Finances,,,,,,,,,,
61,2012,   SOURCE: 2012 Census of Governments: Finance - Survey of School System Finances,,,,,,,,,,
1,2011,Alabama,7375156.0,1077070.0,3965614.0,2332472.0,7402584.0,6699104.0,564183.0,139297.0,4501925.0,2002473.0
2,2011,Alaska,2357828.0,420152.0,1416163.0,521513.0,2443898.0,2204660.0,180137.0,59101.0,1150244.0,0.0
3,2011,Arizona,8335541.0,1245814.0,3054501.0,4035226.0,8610417.0,7263532.0,741124.0,605761.0,4401697.0,3126178.0
4,2011,Arkansas,5156817.0,827026.0,3701224.0,628567.0,5630925.0,4891567.0,605857.0,133501.0,3503092.0,1472315.0
5,2011,California,68589875.0,9990221.0,37752712.0,20846942.0,66849953.0,57977455.0,6523770.0,2348728.0,54528193.0,30976936.0
6,2011,Colorado,8699604.0,969288.0,3493923.0,4236393.0,8628304.0,7347708.0,827354.0,453242.0,7328751.0,3673024.0
7,2011,Connecticut,9588416.0,796156.0,3185501.0,5606759.0,9199399.0,8542188.0,516116.0,141095.0,3120031.0,81244.0
8,2011,Delaware,1711831.0,192182.0,1010026.0,509623.0,1755975.0,1551018.0,182497.0,22460.0,615682.0,157904.0
9,2011,District of Columbia,1283071.0,155505.0,0.0,1127566.0,1297175.0,970843.0,326332.0,0.0,0.0,0.0
10,2011,Florida,26446473.0,4710376.0,9069119.0,12666978.0,26991946.0,23998955.0,2217069.0,775922.0,16651113.0,8192556.0
11,2011,Georgia,18027907.0,2267161.0,7492489.0,8268257.0,17175243.0,15551049.0,1368395.0,255799.0,4475364.0,6010833.0
12,2011,Hawaii,2499513.0,347363.0,2088870.0,63280.0,2259104.0,2173628.0,85476.0,0.0,0.0,0.0
13,2011,Idaho,2089170.0,292602.0,1320153.0,476415.0,1960818.0,1817183.0,83524.0,60111.0,1336301.0,551280.0
14,2011,Illinois,28695030.0,2894897.0,10030682.0,15769451.0,27544594.0,24830663.0,1884866.0,829065.0,19511487.0,14771752.0
15,2011,Indiana,11853770.0,1024389.0,7340384.0,3488997.0,10856662.0,9658709.0,843671.0,354282.0,12276201.0,3652689.0
16,2011,Iowa,5876820.0,596688.0,2537754.0,2742378.0,5827630.0,4864677.0,861361.0,101592.0,2798496.0,2395360.0
17,2011,Kansas,5537274.0,612100.0,2945175.0,1979999.0,5654054.0,4590990.0,851777.0,211287.0,4452845.0,1847015.0
18,2011,Kentucky,7103316.0,1164688.0,3704150.0,2234478.0,7251904.0,6329613.0,733357.0,188934.0,5114552.0,1967105.0
19,2011,Louisiana,7981173.0,1497262.0,3269321.0,3214590.0,8089856.0,7152169.0,809639.0,128048.0,3638662.0,3245557.0
20,2011,Maine,2596753.0,289290.0,1043281.0,1264182.0,2667240.0,2450776.0,164850.0,51614.0,947183.0,293336.0
21,2011,Maryland,13439078.0,1255964.0,5508339.0,6674775.0,12993862.0,11838318.0,989839.0,165705.0,4005699.0,0.0
22,2011,Massachusetts,15255880.0,1197383.0,5783240.0,8275257.0,14788386.0,13715452.0,817228.0,255706.0,4431338.0,204197.0
23,2011,Michigan,18409697.0,2525528.0,9845508.0,6038661.0,18261611.0,16085764.0,1273466.0,902381.0,16685954.0,7481285.0
24,2011,Minnesota,10756413.0,842906.0,6289912.0,3623595.0,10444833.0,8970032.0,1016875.0,457926.0,9625543.0,3198575.0
25,2011,Mississippi,4507702.0,1006465.0,2071467.0,1429770.0,4345783.0,3905619.0,368906.0,71258.0,1778221.0,1601354.0
26,2011,Missouri,9842940.0,1344755.0,3828396.0,4669789.0,9748706.0,8607771.0,849819.0,291116.0,6639981.0,4487349.0
27,2011,Montana,1618205.0,264517.0,713642.0,640046.0,1635139.0,1515283.0,103728.0,16128.0,402991.0,736248.0
28,2011,Nebraska,3801928.0,571969.0,1153077.0,2076882.0,3656997.0,3224967.0,349683.0,82347.0,2126323.0,1622350.0
29,2011,Nevada,4145291.0,447002.0,2359671.0,1338618.0,4257025.0,3688615.0,323746.0,244664.0,5003312.0,1988168.0
30,2011,New Hampshire,2845195.0,184768.0,1061011.0,1599416.0,2838178.0,2586989.0,206241.0,44948.0,982489.0,252948.0
31,2011,New Jersey,25306154.0,1283994.0,9331426.0,14690734.0,24965021.0,23657554.0,917304.0,390163.0,8619199.0,2950279.0
32,2011,New Mexico,3591323.0,636436.0,2355210.0,599677.0,3688114.0,3009234.0,616478.0,62402.0,1933137.0,1296478.0
33,2011,New York,57536081.0,5118477.0,23188002.0,29229602.0,59174602.0,53711667.0,4653802.0,809133.0,33419150.0,9176589.0
34,2011,North Carolina,14409515.0,2046954.0,7488570.0,4873991.0,13692881.0,12106271.0,980517.0,606093.0,8891393.0,0.0
35,2011,North Dakota,1262676.0,186844.0,630430.0,445402.0,1252739.0,1107414.0,124967.0,20358.0,276620.0,219895.0
36,2011,Ohio,22787387.0,2533882.0,9834235.0,10419270.0,22850968.0,19580878.0,2494681.0,775409.0,8365308.0,9485152.0
37,2011,Oklahoma,5833144.0,968529.0,2741058.0,2123557.0,5622532.0,5048700.0,510428.0,63404.0,1674350.0,1320262.0
38,2011,Oregon,6062018.0,848637.0,2792762.0,2420619.0,6303336.0,5557396.0,461979.0,283961.0,6707087.0,1683365.0
39,2011,Pennsylvania,27043817.0,3371827.0,9261234.0,14410756.0,26155419.0,22916162.0,2189151.0,1050106.0,25764877.0,8851009.0
40,2011,Rhode Island,2198504.0,234111.0,768713.0,1195680.0,2182991.0,2090492.0,43726.0,48773.0,1002789.0,0.0
41,2011,South Carolina,7761414.0,1041572.0,3338715.0,3381127.0,7939720.0,6506620.0,1016126.0,416974.0,10627226.0,2541327.0
42,2011,South Dakota,1295143.0,262395.0,374648.0,658100.0,1340399.0,1111931.0,199636.0,28832.0,660200.0,664001.0
43,2011,Tennessee,8645594.0,1272825.0,3955476.0,3417293.0,8934633.0,8062103.0,661195.0,211335.0,5307556.0,96415.0
44,2011,Texas,50856161.0,7818075.0,19623258.0,23414828.0,52528064.0,41954996.0,6556210.0,4016858.0,66339843.0,23233869.0
45,2011,Utah,4136281.0,500782.0,2058112.0,1577387.0,4193206.0,3491549.0,592949.0,108708.0,2573706.0,1863270.0
46,2011,Vermont,1506288.0,106823.0,1329172.0,70293.0,1531188.0,1453631.0,63655.0,13902.0,288388.0,61390.0
47,2011,Virginia,14418028.0,1427301.0,5351177.0,7639550.0,14464579.0,13042932.0,1075067.0,346580.0,7749645.0,0.0
48,2011,Washington,11816324.0,1367629.0,6758505.0,3690190.0,11888591.0,9948693.0,1467334.0,472564.0,8885396.0,3896558.0
49,2011,West Virginia,3464575.0,510256.0,1927726.0,1026593.0,3668387.0,3382485.0,269242.0,16660.0,448269.0,701838.0
50,2011,Wisconsin,11405841.0,1002909.0,5226954.0,5175978.0,11186653.0,10286531.0,541918.0,358204.0,5370480.0,2068092.0
51,2011,Wyoming,1646865.0,154955.0,878979.0,612931.0,1642251.0,1406181.0,234408.0,1662.0,32628.0,512162.0
52,2011,       (X) Not applicable,,,,,,,,,,
53,2011,       1Duplicative interschool system transactions are excluded,,,,,,,,,,
54,2011,"           2Includes payments to state and local governments, and interest on school system indebtedness",,,,,,,,,,
55,2011,     Note:  This information represents financial data for public independent and dependent school systems,,,,,,,,,,
56,2011,financial transactions of public nonschool entities,,,,,,,,,,
57,2011,excluded as these holdings cannot be separated from the assets of their parent governments,,,,,,,,,,
58,2011,"programs are included under ""Current spending"" but are excluded from the per pupil data displayed in Tables 8, 11, 14, 18, and 20",,,,,,,,,,
1,2010,Alabama,7279751,1134111,3800128,2345512,7638908,6764430,729720,144758,4280317,1811224
2,2010,Alaska,2230140,366970,1356673,506497,2371251,2079597,229874,61780,1406558,0
3,2010,Arizona,8733504,1579806,3139588,4014110,8812967,7573439,713810,525718,4873705,2982465
4,2010,Arkansas,5049424,787738,3677112,584574,5481913,4757011,595456,129446,3220216,1260477
5,2010,California,64981631,9715980,34173911,21091740,68149357,58918186,7150441,2080730,52684385,31359850
6,2010,Colorado,8741450,714230,3817875,4209345,8861592,7370096,1011988,479508,7482562,3651490
7,2010,Connecticut,9544243,818573,3238401,5487269,9313668,8342937,823081,147650,2481070,49666
8,2010,Delaware,1695556,180584,992422,522550,1695244,1480114,192826,22304,529088,132013
9,2010,District of Columbia,1195934,80585,0,1115349,1290048,992685,297363,0,0,0
10,2010,Florida,26223878,4200103,8216582,13807193,27267009,23513098,2944085,809826,17122790,7251566
11,2010,Georgia,17835820,2598486,6739406,8497928,17821687,15723837,1814143,283707,5417238,5449614
12,2010,Hawaii,2564856,382400,2093300,89156,2215458,2142541,72917,0,0,0
13,2010,Idaho,2177156,444112,1231537,501507,2098737,1899001,135181,64555,1359543,613582
14,2010,Illinois,27530500,3809939,8696107,15024454,27511423,24775602,1944264,791557,19142851,12051705
15,2010,Indiana,13722748,1477561,7342841,4902346,11217754,9936118,929416,352220,12531533,3805125
16,2010,Iowa,5533487,728361,2217889,2587237,5720197,4818802,811476,89919,2520707,2068709
17,2010,Kansas,5452260,673692,2860999,1917569,5969898,4586393,1182167,201338,4560611,2154741
18,2010,Kentucky,6880616,1059915,3662243,2158458,7090274,6149683,747498,193093,5331619,1527621
19,2010,Louisiana,8038981,1549575,3348043,3141363,7990164,7082282,788979,118903,3512827,3469731
20,2010,Maine,2668585,320917,1083913,1263755,2611271,2402834,157510,50927,762762,200322
21,2010,Maryland,13321816,1004498,5544725,6772593,12935831,11676518,1107922,151391,3815733,0
22,2010,Massachusetts,14783250,1092892,5742989,7947369,14502784,13433891,807802,261091,4792761,185982
23,2010,Michigan,18408579,2383817,9694417,6330345,18629617,16565497,1201729,862391,18677206,4704770
24,2010,Minnesota,10224729,1245368,5978487,3000874,10392420,8975751,949938,466731,10324945,3822265
25,2010,Mississippi,4454915,945973,2109089,1399853,4504257,4009892,421984,72381,1780775,1423883
26,2010,Missouri,9508380,1430854,3471772,4605754,10047573,8830280,926566,290727,6188798,4018303
27,2010,Montana,1609439,256049,744931,608459,1621952,1496271,110195,15486,367749,706387
28,2010,Nebraska,3643592,465728,1184996,1992868,3616236,3169077,371348,75811,2029498,1475832
29,2010,Nevada,4261391,358496,2341891,1561004,4259222,3619144,381094,258984,5104027,1999168
30,2010,New Hampshire,2803441,185175,1060998,1557268,2694818,2525420,131261,38137,888441,247994
31,2010,New Jersey,25785093,2386865,9059511,14338717,25980006,24402765,1154089,423152,8815472,2840559
32,2010,New Mexico,3638592,753816,2307843,576933,3807263,3114070,634137,59056,1678109,1132969
33,2010,New York,55244109,3694050,23111427,28438632,59536446,52213698,6125749,1196999,32318281,8870866
34,2010,North Carolina,16621268,1927843,7451302,7242123,14092577,12216785,1192652,683140,9325418,0
35,2010,North Dakota,1260887,277985,552616,430286,1208278,1050372,142873,15033,291728,390235
36,2010,Ohio,22592809,2310440,9987732,10294637,22536575,19368722,2451038,716815,11312161,9437378
37,2010,Oklahoma,5777769,768319,2658186,2351264,5964650,5426569,471937,66144,1670892,1277224
38,2010,Oregon,6171946,813110,2947614,2411222,6382986,5519853,573818,289315,6835218,1978738
39,2010,Pennsylvania,26432628,2977089,9430947,14024592,25658300,22401204,2208448,1048648,26092331,8533700
40,2010,Rhode Island,2193345,247217,736525,1209603,2171836,2086462,40673,44701,988898,2109
41,2010,South Carolina,7742335,1058473,3377539,3306323,8222807,6633135,1203253,386419,10394677,2421136
42,2010,South Dakota,1289528,250554,398601,640373,1271367,1099915,146273,25179,610624,674093
43,2010,Tennessee,8371308,1094293,3834174,3442841,8732178,7917938,627390,186850,4987491,100515
44,2010,Texas,50391053,7984614,18899565,23506874,53651727,41679200,8055742,3916785,62836642,22410452
45,2010,Utah,4246006,570301,2171889,1503816,4323946,3428525,786272,109149,2598423,1840999
46,2010,Vermont,1572132,173528,1326528,72076,1528438,1447834,65751,14853,298927,59754
47,2010,Virginia,14693082,1532041,5489710,7671331,14706003,13269123,1127484,309396,7824314,0
48,2010,Washington,11830765,1400984,6931430,3498351,11783520,9840676,1516372,426472,8894853,3906395
49,2010,West Virginia,3176039,513794,1677745,984500,3482814,3277608,191662,13544,381200,662710
50,2010,Wisconsin,11049388,1115342,4951919,4982127,10882451,9936083,617744,328624,5518204,2032244
51,2010,Wyoming,1715195,123942,880916,710337,1684520,1341754,340678,2088,38997,521866
52,2010,       1Duplicative interschool system transactions are excluded,,,,,,,,,,
53,2010,"           2Includes payments to state and local governments, and interest on school system indebtedness",,,,,,,,,,
54,2010,     Note:  This information represents financial data for public independent and dependent school systems,,,,,,,,,,
55,2010,financial transactions of public nonschool entities,,,,,,,,,,
56,2010,excluded as these holdings cannot be separated from the assets of their parent governments,,,,,,,,,,
57,2010,"programs are included under ""Current spending"" but are excluded from the per pupil data displayed in Tables 8, 11, 14, 17, and 19",,,,,,,,,,
1,2009,Alabama,7184885,728795,4161103,2294987,7806113,6728969,924956,152188,4104383,2079041
2,2009,Alaska,2158835,312667,1357747,488421,2396412,2033374,303165,59873,1438407,0
3,2009,Arizona,8719722,1044140,3806064,3869518,9580393,7735635,1312659,532099,5331063,2763714
4,2009,Arkansas,4732685,534510,3530487,667688,4980644,4443722,409763,127159,3060600,1218408
5,2009,California,71453144,9745250,40084244,21623650,71850888,61071012,8881265,1898611,46579660,30757706
6,2009,Colorado,8262667,560538,3634018,4068111,8633794,7146967,1035058,451769,7384931,3937758
7,2009,Connecticut,9501924,403017,3606594,5492313,9107330,8190255,763075,154000,2572329,66887
8,2009,Delaware,1674367,109682,1047418,517267,1732081,1454873,254460,22748,510716,92953
9,2009,District of Columbia,801008,75856,0,725152,805362,739339,66023,0,0,0
10,2009,Florida,26487591,2694566,9047586,14745439,28867429,23498048,4533913,835468,17342891,8699226
11,2009,Georgia,17968445,1644548,7739086,8584811,19011396,16036166,2712073,263157,6044176,6011592
12,2009,Hawaii,2689758,392837,2205032,91889,2318671,2250087,68584,0,0,0
13,2009,Idaho,2181398,218777,1459554,503067,2078446,1904422,111190,62834,1415273,730788
14,2009,Illinois,26371090,3346509,7879160,15145421,26867583,23218026,2884993,764564,18387179,13096714
15,2009,Indiana,12710067,1403839,5804809,5501419,10948807,9706715,899628,342464,13286582,2643458
16,2009,Iowa,5527244,431142,2545353,2550749,5513550,4755348,672339,85863,2174435,1939292
17,2009,Kansas,5613161,378810,3291485,1942866,5816078,4685472,958961,171645,4377774,2402533
18,2009,Kentucky,6705234,719997,3870440,2114797,6829740,5930403,720114,179223,4739605,1551011
19,2009,Louisiana,7931699,1238259,3568903,3124537,7935780,7003000,824390,108390,3190290,3226896
20,2009,Maine,2551991,245063,1107152,1199776,2545450,2389734,108016,47700,801538,173006
21,2009,Maryland,13141453,694846,5697257,6749350,12482460,11373754,961161,147545,3309837,0
22,2009,Massachusetts,15170426,1181681,5974489,8014256,14837791,13968798,589413,279580,5117910,224943
23,2009,Michigan,18647707,2094714,10130740,6422253,18788035,16642564,1280455,865016,21471935,3208277
24,2009,Minnesota,10170640,575703,6590788,3004149,11005880,9331434,1187008,487438,9619319,4563811
25,2009,Mississippi,4380745,675576,2334363,1370806,4552756,3985744,493773,73239,1677337,1446895
26,2009,Missouri,9396217,758650,3927189,4710378,10134666,8734145,1120105,280416,6064403,4164278
27,2009,Montana,1595318,195705,765177,634436,1607907,1432675,158151,17081,375522,724634
28,2009,Nebraska,3446377,297732,1182776,1965869,3500576,2938103,488293,74180,1990982,1370034
29,2009,Nevada,4441108,425133,2272415,1743560,4574369,3652056,633545,288768,5629327,2611695
30,2009,New Hampshire,2716562,146867,1002239,1567456,2595350,2443217,112359,39774,897327,179217
31,2009,New Jersey,25651702,1014556,10401527,14235619,25391366,23440277,1499241,451848,8373417,2786092
32,2009,New Mexico,3703462,519973,2615320,568169,3940618,3107149,784529,48940,1509824,1218521
33,2009,New York,55677184,3197833,25768345,26711006,57346173,50690599,5463718,1191856,30528777,9017355
34,2009,North Carolina,15410562,1377661,8229140,5803761,14836575,12543171,1647148,646256,10200562,0
35,2009,North Dakota,1104033,160294,407374,536365,1079302,968881,95977,14444,283566,362197
36,2009,Ohio,22150278,1531263,10226228,10392787,22255659,19011682,2552105,691872,11318000,9495812
37,2009,Oklahoma,6028778,768972,3014993,2244813,5934574,5310369,568720,55485,1546658,1494663
38,2009,Oregon,6104185,656298,3117315,2330572,6699599,5627387,803096,269116,7012144,2376778
39,2009,Pennsylvania,25473158,1811141,9858461,13803556,25004158,21596546,2411908,995704,25456185,8721487
40,2009,Rhode Island,2166937,206225,765069,1195643,2148881,2087690,24161,37030,935888,25000
41,2009,South Carolina,7656698,734602,3654658,3267438,8413203,6716042,1318784,378377,9819057,2973460
42,2009,South Dakota,1255234,201889,412798,640547,1261764,1082630,154459,24675,615365,612844
43,2009,Tennessee,8081576,870374,3800870,3410332,8581791,7751563,652210,178018,4668194,93718
44,2009,Texas,47930801,4913841,19708771,23308189,53423805,39984644,9297597,4141564,62190190,25732498
45,2009,Utah,4234810,535223,2224007,1475580,4417005,3488395,821593,107017,2528724,1827300
46,2009,Vermont,1507266,102453,1336424,68389,1475296,1397548,64170,13578,299112,70215
47,2009,Virginia,15000778,914507,6317714,7768557,15291282,13582801,1418914,289567,7724612,0
48,2009,Washington,11925646,1385421,7146416,3393809,12201225,9958400,1818982,423843,9070245,4057825
49,2009,West Virginia,3096506,355325,1793917,947264,3119908,2950686,157049,12173,331750,506042
50,2009,Wisconsin,10781347,1258519,4785070,4737758,10678772,9713099,648807,316866,5762380,2183785
51,2009,Wyoming,1673170,108333,945765,619072,1649649,1274683,372507,2459,47673,527596
52,2009,       1Duplicative interschool system transactions are excluded,,,,,,,,,,
53,2009,"           2Includes payments to state and local governments, and interest on school system indebtedness",,,,,,,,,,
54,2009,     Note:  This information represents financial data for public independent and dependent school systems,,,,,,,,,,
55,2009,financial transactions of public nonschool entities,,,,,,,,,,
56,2009,excluded as these holdings cannot be separated from the assets of their parent governments,,,,,,,,,,
57,2009,"programs are included under ""Current spending"" but are excluded from the per pupil data displayed in Tables 8, 11, 14, and 17",,,,,,,,,,
1,2008,Alabama,7724467,711391,4649053,2364023,7838377,6884819,816799,136759,3947586,2582339
2,2008,Alaska,2188537,303399,1419318,465820,2274819,1919050,307512,48257,1406187,0
3,2008,Arizona,9187024,989340,4458836,3738848,9581201,7574303,1571620,435278,4792305,2944879
4,2008,Arkansas,4589865,488378,3487063,614424,4681566,4098783,463449,119334,2845934,1213926
5,2008,California,72091820,7227456,43187637,21676727,73719265,62546168,9388155,1784942,42695239,31313379
6,2008,Colorado,8012467,543952,3398303,4070212,8837404,7301719,1157579,378106,7334461,4012344
7,2008,Connecticut,9151770,386592,3520752,5244426,8842706,7862157,826090,154459,2154908,57251
8,2008,Delaware,1647893,104304,1037624,505965,1683156,1420287,241390,21479,571069,76232
9,2008,District of Columbia,1224312,85568,0,1138744,1205087,1002319,202768,0,0,0
10,2008,Florida,29995680,2480218,11830218,15685244,31219589,24416770,5980134,822685,17032257,8075773
11,2008,Georgia,18674273,1449557,8432720,8791996,19157468,16218487,2703375,235606,6127372,7058247
12,2008,Hawaii,2541703,310732,2154313,76658,2242408,2147953,94455,0,0,0
13,2008,Idaho,2150689,205035,1409151,536503,2001328,1846615,93431,61282,1363232,860830
14,2008,Illinois,24744485,1996023,8357924,14390538,25063305,21723326,2559210,780769,17311460,13518434
15,2008,Indiana,11065253,808860,5367296,4889097,10594274,9400028,941950,252296,13677900,2572057
16,2008,Iowa,5297744,391985,2465108,2440651,5281986,4518741,672361,90884,1987790,1247354
17,2008,Kansas,5376603,344198,3138799,1893606,5111928,4524182,428160,159586,3760848,1648342
18,2008,Kentucky,6635330,697220,3841470,2096640,6791743,5852337,760566,178840,4437730,1568566
19,2008,Louisiana,7694221,1290154,3376556,3027511,7511322,6621116,787702,102504,3027769,3176546
20,2008,Maine,2522457,194914,1122001,1205542,2499427,2339003,113571,46853,787589,178197
21,2008,Maryland,13091382,701595,5499326,6890461,12484211,10993421,1358068,132722,3148790,0
22,2008,Massachusetts,14518653,742093,6114211,7662349,14309675,13368717,655884,285074,5230582,234610
23,2008,Michigan,19507229,1492685,11170772,6843772,19465206,17240937,1375044,849225,20109189,4636564
24,2008,Minnesota,9897143,558886,6513673,2824584,10224301,8599468,1136550,488283,9243013,4997566
25,2008,Mississippi,4438286,708253,2389484,1340549,4363308,3915700,377201,70407,1500352,1490006
26,2008,Missouri,9262878,723460,3808601,4730817,9806720,8462247,1070552,273921,6069744,4614978
27,2008,Montana,1552498,185898,766328,600272,1543854,1386011,141860,15983,363394,738103
28,2008,Nebraska,3306802,321975,1091160,1893667,3303318,2789004,444442,69872,1733588,1412056
29,2008,Nevada,4337482,280898,2493641,1562943,4880038,3574548,1058467,247023,6005372,3180435
30,2008,New Hampshire,2613709,136012,1008333,1469364,2559067,2352376,163893,42798,958276,199534
31,2008,New Jersey,25114239,976009,10359646,13778584,25446694,23375817,1625458,445419,8839038,2958211
32,2008,New Mexico,3569002,467492,2542639,558871,3594474,2987457,569550,37467,1243741,1043074
33,2008,New York,52943285,3129776,24036865,25776644,54372726,48432402,4805621,1134703,29528485,8245108
34,2008,North Carolina,13610326,1240410,8009636,4360280,13727765,11513879,1728313,485573,8149571,0
35,2008,North Dakota,1062276,145770,383307,533199,1029935,925755,88292,15888,68703,352680
36,2008,Ohio,22165968,1523431,9777048,10865489,21794156,18555923,2568654,669579,10360257,8994108
37,2008,Oklahoma,5779189,642088,2957101,2180000,5660706,5151765,459000,49941,1419723,1194130
38,2008,Oregon,6060469,515223,3200001,2345245,6392517,5491351,621540,279626,6465329,2344486
39,2008,Pennsylvania,25256267,1868700,9032615,14354952,24707262,21125769,2537699,1043794,24674518,8689990
40,2008,Rhode Island,2161829,164966,836509,1160354,2147664,2083873,28023,35768,929297,25933
41,2008,South Carolina,7727384,693967,3916453,3116964,8151548,6602038,1179283,370227,9461192,3442605
42,2008,South Dakota,1187872,180925,394721,612226,1160851,1022164,114678,24009,584607,627675
43,2008,Tennessee,8054383,840919,3711646,3501818,8457299,7534414,735501,187384,4734213,103836
44,2008,Texas,46101861,4501845,19923849,21676167,50068701,38420435,8133118,3515148,56466271,25461323
45,2008,Utah,4194845,380907,2363716,1450222,4335371,3306470,929772,99129,2490670,1906591
46,2008,Vermont,1457977,94504,1290067,73406,1435713,1338436,83821,13456,309703,54438
47,2008,Virginia,14535889,897627,5957786,7680476,15032177,13203616,1528769,299792,6719960,0
48,2008,Washington,11106719,895642,6932500,3278577,11644380,9432860,1797341,414179,9021437,4294626
49,2008,West Virginia,2965589,320529,1723068,921992,3067283,2803598,249687,13998,294875,465073
50,2008,Wisconsin,10427207,629423,5221550,4576234,10360010,9365629,666877,327504,5985198,2396453
51,2008,Wyoming,1600390,100207,846239,653944,1509727,1197172,309892,2663,48290,497975
52,2008,       1Duplicative interschool system transactions are excluded,,,,,,,,,,
53,2008,"           2Includes payments to state and local governments, and interest on school system indebtedness",,,,,,,,,,
54,2008,     Note:  This information represents financial data for public independent and dependent school systems,,,,,,,,,,
55,2008,financial transactions of public nonschool entities,,,,,,,,,,
56,2008,excluded as these holdings cannot be separated from the assets of their parent governments,,,,,,,,,,
57,2008,"programs are included under ""Current spending"" but are excluded from the per pupil data displayed in Tables 8, 11, 14, and 17",,,,,,,,,,
